<?xml version="1.0" encoding="UTF-8"?>
<cache xmlns:xsi="http://www.w3.org/2001/XMLSchema-instance"
	xmlns="http://schema.pivotal.io/gemfire/cache"
	xsi:schemaLocation="http://schema.pivotal.io/gemfire/cache http://schema.pivotal.io/gemfire/cache/cache-8.1.xsd"
	version="8.1">

	<disk-store name="pdx-disk-store">
		<disk-dirs>
			<disk-dir>./pdx-disk-store</disk-dir>
		</disk-dirs>
	</disk-store>

	<pdx persistent="true" disk-store-name="pdx-disk-store"
		read-serialized="false">
		<pdx-serializer>
			<class-name>org.apache.geode.pdx.ReflectionBasedAutoSerializer</class-name>
			<parameter name="classes">
				<string>io.pivotal.gemfire.demo.model.gf.pdx.*</string>
			</parameter>
		</pdx-serializer>
	</pdx>

	<!-- initializer>
		<class-name>org.springframework.data.gemfire.support.SpringContextBootstrappingInitializer</class-name>
		<parameter name="basePackages">
			<string>io.pivotal.gemfire.demo.server</string>
		</parameter>
	</initializer -->

	<initializer>
		<class-name>io.pivotal.gemfire.demo.server.initializer.GemFireInitializer</class-name>
		<parameter name="basePackages">
			<string>io.pivotal.gemfire.demo.server</string>
		</parameter>
	</initializer>

</cache>
